<psyskin>
<info name='natti' year='2006' copyright='none' />

<patternview>

<cursor bgcolor='179:217:34' textcolor='0:0:0' />
<bar bgcolor='70:71:69' sel_bgcolor='162:101:68'/>
<beat bgcolor='50:51:49' sel_bgcolor='142:81:48' textcolor='199:199:199' sel_textcolor='216:154:120'/>
<lines bgcolor='34:32:35' sel_bgcolor='140:68:41' textcolor='255:255:255' sel_textcolor='239:175:140'/>
<playbar bgcolor='42:47:39' sel_bgcolor='0:0:200'/>
<bigtrackseparator bgcolor='145:147:147' width='2' />
<smalltrackseparator bgcolor='105:107:107' />
<lineseparator enable='0' bgcolor='145:147:147'/>
<colseparator enable='0' bgcolor='145:147:147'/>
<trackident left ='2' right='2'/>
<header src='psycle_skin/bitmap/header.xpm'>
<background_source coord='0:0:123:15'/>
<number_0_source coord='0:15:7:11'/>
<record_on_source coord='88:15:9:7'/>
<mute_on_source coord='70:15:9:7'/>
<solo_on_source coord='79:15:9:7'/>
<digit_x0_dest coord='61:2'/>
<digit_0x_dest coord='68:2'/>
<record_on_dest coord='109:4'/>
<mute_on_dest coord='81:4'/>
<solo_on_dest coord='95:4'/>
</header>
</patternview>


<machineview>
<machine src='psycle_skin/bitmap/machines.xpm'>
<master>
<background_source coord='0:54:118:53' />
</master>

<effect>
<background_source coord='0:107:118:54' />
<vu0_source coord='0:170:6:2' />
<vu_peak_source coord='108:170:6:2' />
<pan_source coord='0:160:24:7' />
<mute_source coord='25:161:9:7' />
<solo_source coord='34:161:9:7' />
<vu_dest coord='5:47:102:0' />
<pan_dest coord='5:37:83:0' />
<mute_dest coord='104:27' />
<solo_dest coord='104:16' />
<name_dest coord='6:18' />
</effect>

<generator>
<background_source coord='0:107:118:54' />
<vu0_source coord='0:170:6:2' />
<vu_peak_source coord='108:170:6:2' />
<pan_source coord='0:160:24:7' />
<mute_source coord='25:161:9:7' />
<solo_source coord='34:161:9:7' />

<vu_dest coord='5:47:108:0' />
<pan_dest coord='5:37:83:0' />
<mute_dest coord='104:27' />
<solo_dest coord='104:16' />
<name_dest coord='6:18' />
</generator>

</machine>
</machineview>


</psyskin>