<psyskin>
<info name='natti' year='2006' copyright='none' />

<patternview>

<cursor bgcolor='179:217:34' textcolor='0:0:0' />
<bar bgcolor='70:71:69' sel_bgcolor='162:101:68'/>
<beat bgcolor='50:51:49' sel_bgcolor='142:81:48' textcolor='199:199:199' sel_textcolor='216:154:120'/>
<lines bgcolor='34:32:35' sel_bgcolor='140:68:41' textcolor='255:255:255' sel_textcolor='239:175:140'/>
<playbar bgcolor='42:47:39' sel_bgcolor='0:0:200'/>
<bigtrackseparator bgcolor='145:147:147' width='2' />
<smalltrackseparator bgcolor='105:107:107' />
<lineseparator enable='0' bgcolor='145:147:147'/>
<colseparator enable='0' bgcolor='145:147:147'/>
<trackident left ='2' right='2'/>
<header src='psycle_skin/bitmap/header.xpm'>
<background_source coord='0:0:123:15'/>
<number_0_source coord='0:15:7:11'/>
<record_on_source coord='88:15:9:7'/>
<mute_on_source coord='70:15:9:7'/>
<solo_on_source coord='79:15:9:7'/>
<digit_x0_dest coord='61:2'/>
<digit_0x_dest coord='68:2'/>
<record_on_dest coord='109:4'/>
<mute_on_dest coord='81:4'/>
<solo_on_dest coord='95:4'/>
</header>
</patternview>
</psyskin>